Timestamp,Result,Defect,Confidence,Width_px,Height_px,Area_px2,Severity
2026-09-28 14:02:49.110644,FAIL,inclusion,68.70%,104.26,494.96,51606.58,HIGH
2026-09-28 14:02:49.112661,FAIL,inclusion,61.12%,62.72,126.73,7948.76,HIGH
2026-09-28 14:03:14.857482,FAIL,inclusion,68.70%,104.26,494.96,51606.58,HIGH
2026-09-28 14:03:14.857482,FAIL,inclusion,61.12%,62.72,126.73,7948.76,HIGH
2026-09-28 14:03:20.196199,FAIL,inclusion,68.70%,104.26,494.96,51606.58,HIGH
2026-09-28 14:03:20.196199,FAIL,inclusion,61.12%,62.72,126.73,7948.76,HIGH
2026-09-28 14:03:22.191007,PASS,,0%,0.0,0.0,0.0,
2026-09-28 14:03:23.243346,PASS,,0%,0.0,0.0,0.0,
2026-09-28 14:03:28.956851,FAIL,inclusion,68.70%,104.26,494.96,51606.58,HIGH
2026-09-28 14:03:30.323308,FAIL,inclusion,68.70%,104.26,494.96,51606.58,HIGH
2026-09-28 14:03:30.323308,FAIL,inclusion,61.12%,62.72,126.73,7948.76,HIGH
2026-09-28 14:03:33.280492,FAIL,inclusion,68.70%,104.26,494.96,51606.58,HIGH
2026-09-28 14:03:33.280492,FAIL,inclusion,61.12%,62.72,126.73,7948.76,HIGH
2026-09-28 14:03:45.335940,PASS,,0%,0.0,0.0,0.0,
2026-09-28 14:03:52.138780,FAIL,inclusion,68.70%,104.26,494.96,51606.58,HIGH
2026-09-28 14:03:52.138780,FAIL,inclusion,61.12%,62.72,126.73,7948.76,HIGH
2026-09-28 14:03:52.985353,FAIL,inclusion,68.70%,104.26,494.96,51606.58,HIGH
2026-09-28 14:03:52.985353,FAIL,inclusion,61.12%,62.72,126.73,7948.76,HIGH
